Category,Billing Opportunity,CPT / HCPCS Code(s),Payer Type,Eligible Population,Trigger / Detection Logic for NP Companion,Est. Revenue per Event,Frequency,Cost-Share Waived?,Modifier,Documentation Requirements,Notes / Gotchas
Annual Wellness Visit (AWV),,,,,,,,,,,
Annual Wellness Visit (AWV),Initial AWV,G0438,Medicare,Medicare Part B beneficiaries; >12 months since Part B effective date; no IPPE or AWV in past 12 months,Flag Medicare patients without G0438/G0439 claim in past 12 months; check eligibility window from Part B enrollment date,$175,Annual,Yes (copay + deductible),,"Health Risk Assessment (HRA), review of functional ability and safety, detection of cognitive impairment, personalized prevention plan, screening schedule list, advance directive discussion",First AWV only — subsequent visits use G0439. Can bill G2211 add-on if longitudinal relationship criteria met.
Annual Wellness Visit (AWV),Subsequent AWV,G0439,Medicare,Medicare Part B beneficiaries who have had a previous AWV or IPPE,Flag Medicare patients with prior AWV but no AWV in past 12 months,$130,Annual,Yes (copay + deductible),,"Updated HRA, updated prevention plan, updated screening schedule, cognitive assessment, advance care planning discussion",Most common AWV code in established practices. Pair with screening add-ons below.
Annual Wellness Visit (AWV),Initial Preventive Physical Exam (IPPE / Welcome to Medicare),G0402,Medicare,New Medicare Part B beneficiaries within first 12 months of Part B coverage,Flag new Medicare patients with Part B effective date within last 12 months and no prior IPPE,$175,Once,Yes (copay + deductible),,"Review of medical/surgical history, review of potential risk factors for depression, review of functional ability/safety, EKG, education/counseling, referral list",Must occur within first 12 months of Part B enrollment. Cannot bill both IPPE and AWV in same 12-month period.
Annual Wellness Visit (AWV),Advance Care Planning (as part of AWV),"99497, 99498",Medicare,All Medicare beneficiaries (especially during AWV),Flag all AWV visits; prompt provider to document ACP discussion; flag patients >65 without advance directive on file,$85,Annual (with AWV),Yes (when billed with AWV),,"Document voluntary discussion of advance directives, healthcare proxy, living will, code status; 99497 = first 30 min, 99498 = each additional 30 min","Zero cost-share ONLY when billed as part of AWV. If billed standalone, normal cost-sharing applies. Time-based — document start/stop times."
Annual Wellness Visit (AWV),Personalized Prevention Plan of Service (PPPS) Update,G0468,Medicare,Medicare beneficiaries receiving AWV or IPPE,Auto-include when AWV/IPPE is billed,$0,Annual,Yes,,Update to personalized prevention plan as part of AWV/IPPE,Bundled into AWV payment — not separately reimbursed but required for compliant billing.
Preventive Visit,,,,,,,,,,,
Preventive Visit,Well-Woman Visit,"99385-99387 (new), 99395-99397 (est)",Private,"All women, annually from adolescence through lifespan",Flag female patients without preventive visit in past 12 months; age-appropriate code selection,$180,Annual,Yes (with modifier 33),33,"Age-appropriate screening services, contraception counseling, breast exam, pelvic exam as indicated, preventive counseling",Women's Preventive Services Initiative recommendation. Use modifier 33 for zero cost-sharing.
Preventive Visit,Wellness Exam (Periodic Preventive Medicine),"99391-99397 (est), 99381-99387 (new)",Private,"All patients, age-stratified code selection",Flag patients without preventive visit in past 12 months; select code by age bracket,$200,Annual,Yes (with modifier 33),33,"Comprehensive history, examination, anticipatory guidance, risk factor reduction, age/gender appropriate labs and screening orders","Age brackets: 99391/99381 (<1y), 99392/99382 (1-4), 99393/99383 (5-11), 99394/99384 (12-17), 99395/99385 (18-39), 99396/99386 (40-64), 99397/99387 (65+)"
E/M Add-On Codes,,,,,,,,,,,
E/M Add-On Codes,G2211 — Complexity Add-On,G2211,Medicare,Medicare patients seen for E/M visit (99202-99215) when the visit relates to a condition that is being managed in an ongoing longitudinal relationship,Flag all Medicare E/M visits where patient has ≥1 chronic condition managed by the practice; auto-suggest when qualifying conditions exist in problem list,$16,Per qualifying E/M visit,N/A (provider add-on),,Relationship must be ongoing (not first visit for new problem); condition requires ongoing management decision-making; document the medical decision-making complexity and relationship continuity,Cannot be billed with modifier 25 E/M. Cannot be billed with preventive visits. Pays ~$16.05 per visit — small per event but high volume. CMS began paying Jan 2024.
E/M Add-On Codes,Prolonged Services (Office),99417,Medicare / Private,Patients requiring E/M visit time exceeding the highest-level code threshold (99205: >74 min or 99215: >54 min total time),Flag visits where encounter timer exceeds 54 min (established) or 74 min (new); prompt for 99417 documentation,$65,Per qualifying visit (each additional 15 min),Standard cost-sharing,,Must bill highest-level E/M first (99205 or 99215); document total time on date of encounter; 99417 for each additional 15 min (or part thereof),Each unit = 15 minutes beyond threshold. Can bill multiple units. Medicare uses 99417; some private payers use 99354-99355 (check payer).
E/M Add-On Codes,Prolonged Preventive Services,"G0513, G0514",Medicare,Medicare beneficiaries whose preventive visit extends beyond the typical service time,Flag preventive visits where encounter timer exceeds typical time for the billed preventive code,$45,Per qualifying visit,Yes (copay + deductible waived),,G0513 = first 30 min beyond typical; G0514 = each additional 30 min; document total time,Use with AWV or IPPE when additional time is spent. Time-based — document start/stop.
Chronic Care Management (CCM),,,,,,,,,,,
Chronic Care Management (CCM),CCM — Standard (20+ min),99490,Medicare,"Medicare patients with 2+ chronic conditions expected to last ≥12 months that place the patient at significant risk of death, acute exacerbation, or functional decline",Flag Medicare patients with ≥2 qualifying chronic ICD-10 codes on active problem list; check no CCM claim in current calendar month; verify patient consent on file,$62,Monthly,Standard cost-sharing,,"Written patient consent, comprehensive care plan, 20+ min of clinical staff time per calendar month (non-face-to-face), care coordination documentation",Only one provider can bill CCM per patient per month. Patient must consent. MA/RN time counts. Big revenue multiplier over a panel.
Chronic Care Management (CCM),CCM — Complex (60+ min),99491,Medicare,"Same as 99490 but requiring ≥60 min of clinical staff time per month, with physician/NP personally performing substantial portion",Flag CCM-eligible patients where monthly care coordination time logs approach/exceed 60 min; prompt upgrade from 99490,$130,Monthly,Standard cost-sharing,,"Same as 99490 plus: provider personally performs substantial care management activities, 60+ min total clinical staff time, more complex care plan",Higher reimbursement than 99490. Requires provider personal involvement — not just delegated staff time.
Chronic Care Management (CCM),CCM — Additional 30 min,99439,Medicare,"Medicare patients already qualifying for 99490, with additional 30 min of clinical staff time in same month",Flag when CCM time logs for a 99490 patient reach 40+ min in a month; can be billed up to 2 additional units,$47,Monthly (up to 2 units),Standard cost-sharing,,Document additional 30 min increments of clinical staff time beyond the initial 20 min,"Add-on to 99490. Up to 2 units per month (i.e., 20 + 30 + 30 = 80 min max with 99490 + 2x99439)."
Chronic Care Management (CCM),Principal Care Management (PCM),"99424, 99425",Medicare,Medicare patients with 1 complex chronic condition requiring ongoing management,"Flag Medicare patients with a single dominant chronic condition (e.g., CHF, COPD, CKD) where CCM 2-condition threshold is not met",$70,Monthly,Standard cost-sharing,,"99424 = first 30 min, 99425 = each additional 30 min; single complex condition care plan; clinical staff time per calendar month",Alternative to CCM for patients with only 1 qualifying condition. Cannot bill both PCM and CCM for same patient in same month.
Transitional Care Management (TCM),,,,,,,,,,,
Transitional Care Management (TCM),TCM — High Complexity,99496,Medicare / Private,"Patients discharged from hospital, SNF, observation, or partial hospitalization within past 30 days with high medical decision-making complexity",Monitor hospital/SNF discharge notifications; flag patients with recent inpatient stay; verify face-to-face visit within 7 days and phone/electronic contact within 2 business days of discharge,$280,Per discharge episode (30-day period),Standard cost-sharing,,"Contact within 2 business days of discharge (phone/electronic), face-to-face visit within 7 calendar days, medication reconciliation, care coordination for 30-day period, high-complexity MDM",Extremely high-value code. Requires proactive discharge tracking. The 2-business-day contact is the most commonly missed requirement.
Transitional Care Management (TCM),TCM — Moderate Complexity,99495,Medicare / Private,Same as 99496 but moderate medical decision-making complexity,Same discharge tracking as 99496; flag when MDM is moderate rather than high,$220,Per discharge episode (30-day period),Standard cost-sharing,,Same requirements as 99496 but face-to-face visit within 14 calendar days (instead of 7) and moderate-complexity MDM,"Lower bar than 99496. If you miss the 7-day window for 99496, you can still capture 99495 within 14 days."
Behavioral Health Integration (BHI),,,,,,,,,,,
Behavioral Health Integration (BHI),General BHI,99484,Medicare,"Medicare patients with behavioral health condition (depression, anxiety, SUD, etc.) requiring 20+ min of clinical staff time per month for BH care management","Flag Medicare patients with active behavioral health ICD-10 codes (F20-F48, F10-F19, etc.) on problem list; track monthly BH care coordination time",$50,Monthly,Standard cost-sharing,,"Initial assessment, care plan, 20+ min/month of BH care manager time, systematic monitoring with validated tools (PHQ-9, GAD-7), treatment adjustment",Cannot bill same month as CoCM (99492-99494). Lower documentation bar than CoCM.
Behavioral Health Integration (BHI),Collaborative Care Model (CoCM) — Initial,99492,Medicare,Medicare patients with BH condition enrolled in collaborative care model with psychiatric consultant,Flag BH-eligible patients where practice has collaborative care infrastructure; track initial 36+ min per month,$165,Monthly (initial month),Standard cost-sharing,,"Psychiatric consultant oversight, behavioral health care manager, 36+ min first calendar month, systematic care tracking, patient registry, measurement-based care with validated tools",Requires practice to have CoCM infrastructure: BH care manager + psychiatric consultant. Higher reimbursement than 99484.
Behavioral Health Integration (BHI),Collaborative Care Model (CoCM) — Subsequent,99493,Medicare,"Same as 99492, subsequent months",Flag CoCM patients in months 2+; track 36+ min per month,$130,Monthly (subsequent),Standard cost-sharing,,Same as 99492 for subsequent months; 36+ min clinical staff time,Ongoing monthly billing for patients actively in CoCM.
Behavioral Health Integration (BHI),CoCM — Additional 30 min,99494,Medicare,CoCM patients with additional 30 min of clinical staff time in a month,Flag when CoCM time logs exceed 36 min threshold; bill as add-on,$65,Monthly (add-on),Standard cost-sharing,,Additional 30 min of BH care manager time beyond initial 36 min,Add-on to 99492 or 99493.
Screening Instruments,,,,,,,,,,,
Screening Instruments,"Depression Screening (PHQ-9, PHQ-2)",96127,Medicare / Private,All adults (USPSTF A recommendation); Medicare: all beneficiaries; Private: general adult population including pregnant/postpartum,Flag all adult patients at each visit or annually; auto-prompt for PHQ-2/PHQ-9 administration; flag result for documentation,$8,Per administration (up to 2 per visit),Yes,33 (private); G0444 (Medicare),"Standardized screening instrument, score documented in chart, brief interpretation, follow-up plan if positive","Can bill up to 2 units per encounter for different screening domains (e.g., PHQ-9 + GAD-7). Medicare also has G0444 for annual depression screening."
Screening Instruments,Anxiety Screening (GAD-7),96127,Medicare / Private,Adults with risk factors or as part of routine behavioral health screening,Flag patients with anxiety risk factors or as second screening instrument alongside PHQ-9,$8,Per administration,Yes (as preventive),33,Same as depression screening; use validated GAD-7 instrument,Second unit of 96127 when administered same visit as PHQ-9.
Screening Instruments,"Developmental/Autism Screening (ASQ, M-CHAT)",96110,Private,"Children: 9 mo, 18 mo (developmental + autism), 24 mo (autism), 30 mo (developmental)",Flag pediatric patients at Bright Futures milestone ages; prompt for ASQ-3 or M-CHAT-R administration,$10,Per Bright Futures milestone visit,Yes (with modifier 33),33,"Standardized developmental screening instrument (ASQ-3, PEDS, M-CHAT-R/F), score documented, interpretation, referral if indicated",Bright Futures schedule. 96110 for developmental; 96127 can also be used for emotional/behavioral. Do not use 96110 for adolescent behavioral screens.
Screening Instruments,"Emotional/Behavioral Assessment (PSC, CRAFFT)",96127,Private,Children and adolescents at each preventive visit (Bright Futures),"Flag pediatric/adolescent patients at preventive visits; age-appropriate tool selection (PSC for younger, CRAFFT for adolescents)",$8,Per Bright Futures visit,Yes (with modifier 33),33,"Pediatric Symptom Checklist (PSC), CRAFFT (substance use), or other validated tool; score, interpretation, follow-up",Bright Futures recommends behavioral assessment at every well visit newborn through 21 years.
Screening Instruments,Alcohol Misuse Screening (AUDIT-C),"G0442 (Medicare), 99408-99409 (Private)",Medicare / Private,Medicare: all beneficiaries annually; Private: all adults 18+,Flag adult patients without alcohol screening in past 12 months; prompt AUDIT-C or CAGE administration,$20,Annual,Yes,33 (private),"Validated screening tool (AUDIT-C, CAGE, AUDIT), score documented; G0442 = screening, G0443 = counseling if positive; Private: 99408 (15-30 min), 99409 (>30 min)","Medicare: G0442 (screening) + G0443 (counseling if positive, up to 4 sessions/year). Private: 99408/99409 with modifier 33."
Screening Instruments,Substance Use Screening (DAST-10),"99408, 99409",Private,Adults 18+ (USPSTF B recommendation),Flag adult patients without substance use screening; prompt DAST-10 or NIDA Quick Screen,$30,Annual,Yes (with modifier 33),33,"Validated screening tool, score, interpretation, brief intervention if positive; 99408 = 15-30 min, 99409 = >30 min","SBIRT (Screening, Brief Intervention, Referral to Treatment) model. Can be lucrative if practice documents the brief intervention time."
Screening Instruments,Tobacco Use Screening & Counseling,"99406, 99407",Medicare / Private,All adults; pregnant women (expanded counseling),Flag patients with active tobacco use on social history or problem list; prompt for cessation counseling documentation,$18,Per session (multiple sessions/year allowed),Yes,33 (private),"99406 = 3-10 min counseling, 99407 = >10 min counseling; document time, intervention, patient response, plan","Medicare: up to 8 sessions per 12-month period (2 quit attempts, 4 sessions each). High-value for smoker-heavy panels."
Screening Instruments,Cognitive Assessment / Screening,96127 or 99483,Medicare / Private,AWV patients (cognitive impairment detection required); patients with cognitive complaints,Flag all AWV patients for cognitive screening; flag patients with memory complaints or dementia risk factors,$8,Annual (with AWV) or as indicated,Yes (when part of AWV),,"96127 for brief screening (MMSE, MoCA, Mini-Cog); 99483 for comprehensive cognitive assessment (requires full evaluation with care plan)",96127 for brief screening during AWV. 99483 (~$280) for comprehensive evaluation — much higher reimbursement but requires extensive documentation and ~50 min.
Screening Instruments,"Maternal Depression Screening (Edinburgh, PHQ-9)",96127,Private,Postpartum women at well-baby visits (Bright Futures); pregnant/postpartum women (USPSTF),Flag mothers of newborns/infants at well-baby visits; flag pregnant patients; prompt Edinburgh or PHQ-9,$8,Per well-baby visit / prenatal visit,Yes (with modifier 33),33,"Edinburgh Postnatal Depression Scale (EPDS) or PHQ-9; score documented, interpretation, referral if positive",Billable at well-baby visits under the mother's chart or baby's chart depending on payer policy. Bright Futures + USPSTF + WPSI all recommend.
Preventive Lab Screenings,,,,,,,,,,,
Preventive Lab Screenings,Cardiovascular Disease Screening (Lipid Panel),"80061, 82465, 83718, 84478",Medicare / Private,Medicare: all beneficiaries without CVD symptoms; Private: adults with risk factors per USPSTF,Flag patients without lipid panel in appropriate interval; age/risk-based recommendation engine,$35,Per USPSTF interval (varies by risk),Yes,33 (private),"Lipid panel: total cholesterol, LDL, HDL, triglycerides; order with appropriate diagnosis code (Z13.220)",Medicare covers every 5 years (or more frequently with risk factors). Private covers per USPSTF guidelines with modifier 33.
Preventive Lab Screenings,Diabetes Screening (Glucose / A1C),"82947, 82950, 82951 (Medicare); 82947 or 83036 (Private)",Medicare / Private,Medicare: beneficiaries with risk factors for diabetes or pre-diabetes; Private: adults 40-70 who are overweight/obese (USPSTF),Flag patients aged 40-70 with BMI ≥25 without glucose or A1C in past 3 years; flag patients with pre-diabetes risk factors,$20,Every 3 years (or annually with risk factors),Yes,33 (private),"Fasting glucose (82947), glucose tolerance test (82951), or HbA1c (83036); document indication and risk factors",Private payers: USPSTF recommends as part of cardiovascular risk assessment. Medicare has separate diabetes screening benefit.
Preventive Lab Screenings,Hepatitis C Screening,"G0472 (Medicare); 86803, 87520-87522 (Private)",Medicare / Private,"Medicare: adults at high risk, born 1945-1965, or had blood transfusion before 1992; Private: adults 18-79 (USPSTF)",Flag adults 18-79 without HCV screening on record; prioritize birth cohort 1945-1965,$30,One-time (or periodic if ongoing risk),Yes,33 (private),"HCV antibody test; if positive, confirmatory RNA test; document risk factors or universal screening indication",USPSTF expanded to universal screening for all adults 18-79 in 2020. Previously just the 1945-1965 birth cohort.
Preventive Lab Screenings,Hepatitis B Screening,"86704, 86706, 87340, 87341 (Medicare); 86704-86707, 87340, 87341 (Private)",Medicare / Private,"Medicare: pregnant women (first prenatal), high-risk non-pregnant; Private: persons at high risk (USPSTF)","Flag high-risk patients (IVDU history, endemic country origin, HIV+, household contacts) and pregnant patients without HBV screening",$25,One-time (or per pregnancy),Yes,33 (private),"HBsAg, anti-HBs, anti-HBc; document risk factors","Screening includes triple panel: surface antigen, surface antibody, core antibody. Vaccine follow-up if susceptible."
Preventive Lab Screenings,HIV Screening,"80081 (Medicare); 86689, 86701-86703, 87389-87391, 87534-87539, 87806 (Private)",Medicare / Private,"Medicare: all beneficiaries regardless of risk, including pregnant women; Private: adolescents/adults 15-65 (USPSTF)",Flag patients 15-65 without HIV screening on record; flag all pregnant patients; flag high-risk patients for repeat screening,$25,One-time (annually for high-risk),Yes,33 (private),HIV antigen/antibody combination test preferred; document screening indication,"USPSTF A recommendation for ages 15-65 and all pregnant women. Medicare covers annually for high-risk, once for others."
Preventive Lab Screenings,"STI Screening (Chlamydia, Gonorrhea, Syphilis)",Various — see codes column,Medicare / Private,Women ≤24 or at higher risk (chlamydia/gonorrhea); all persons at increased risk (syphilis); pregnant women (all three),Flag sexually active women ≤24; flag patients with STI risk factors; flag all pregnant patients for syphilis/chlamydia/gonorrhea,$40,Annual or per pregnancy,Yes,33 (private),"Chlamydia: 87490-87491; Gonorrhea: 87590-87591; Syphilis: 86592-86593, 86780; document risk factors or pregnancy status",Multiple codes per encounter possible. Syphilis screening is USPSTF A recommendation for high-risk + all pregnant women.
Preventive Lab Screenings,"Colorectal Cancer Screening (FIT, Cologuard, Colonoscopy)","82270, 82274, 81528 (FIT/Cologuard); G0104-G0121 (Medicare scopes); 45330-45398 (Private scopes)",Medicare / Private,Adults 45-75 (USPSTF); Medicare: aged 50-85 (some tests),"Flag patients 45-75 without CRC screening per recommended interval (FIT annual, Cologuard q3y, colonoscopy q10y)",$25,Varies by method,Yes,33 (private),Order appropriate screening test; document average-risk or high-risk status; for Medicare: different HCPCS codes for different modalities,Cologuard (81528) is high-margin for reference labs. Office-based FIT (82270/82274) is low cost to administer. Colonoscopy referrals generate downstream revenue.
Preventive Lab Screenings,Lung Cancer Screening (LDCT),"G0296, G0297 (Medicare); N/A CPT (Private)",Medicare / Private,Adults 50-80 (USPSTF) or 55-77 (Medicare) with ≥30 pack-year smoking history and currently smoking or quit within 15 years,Flag patients with ≥30 pack-year smoking history in social history; age 50-80; currently smoking or quit <15 years; no LDCT in past 12 months,$0,Annual,Yes,33 (private),Medicare: G0296 (counseling visit) + G0297 (LDCT); written order meeting CMS requirements; document pack-year history and quit date; shared decision-making,G0296 counseling visit is separately billable and often missed. The LDCT itself is ordered to radiology. The office captures the counseling code.
Preventive Lab Screenings,Cervical Cancer Screening (Pap/HPV),"G0123-G0148, P3000-P3001, Q0091 (Medicare); 88141-88175 (Private)",Medicare / Private,Women 21-65 (Pap q3y ages 21-29; Pap+HPV co-test or HPV alone q5y ages 30-65),Flag female patients 21-65 without cervical screening per interval; age-based method recommendation,$30,Every 3-5 years (method-dependent),Yes,33 (private),Pap smear collection (Q0091 for Medicare); cytology processing; HPV co-testing if age 30+; document screening interval compliance,Medicare: Q0091 is the specimen collection code. Can be billed with screening Pap codes. HPV co-test (G0476) for women 30-65.
Preventive Lab Screenings,Screening Mammography,"77063, 77067 (Medicare); 77065-77067 (Private)",Medicare / Private,Women ≥40 (every 1-2 years per USPSTF); Medicare: women ≥35,Flag female patients ≥40 without mammography in past 1-2 years; generate referral prompt,$0,Annual or biennial,Yes,33 (private),Order screening mammography; document screening indication; ensure referral is placed,Office captures the order placement and may bill for the associated E/M if problems are discussed. Imaging center bills the mammography itself.
Preventive Lab Screenings,Bone Density Screening (DEXA),"76977, 77078, 77080, 77081, 77085 (Medicare); same (Private)",Medicare / Private,"Medicare: estrogen-deficient women at osteoporosis risk, vertebral abnormalities, glucocorticoid therapy, hyperparathyroidism; Private: postmenopausal women <65 at increased risk, all women ≥65",Flag women ≥65 without DEXA on file; flag postmenopausal women <65 with risk factors (FRAX score); flag glucocorticoid patients,$0,Every 2 years (Medicare) or per risk assessment,Yes,33 (private),Order DEXA scan; document risk factors or indication; interpret results if performed in office,"If office has DEXA machine, this is direct revenue. If referral, office captures the E/M and care gap closure."
Preventive Lab Screenings,Abdominal Aortic Aneurysm Screening (Ultrasound),76706,Medicare / Private,Men 65-75 who have ever smoked (USPSTF B recommendation),Flag male patients 65-75 with smoking history and no prior AAA screening,$0,One-time,Yes,33 (private),Order abdominal ultrasound for AAA screening; document smoking history; one-time screening benefit,Referral to ultrasound. Medicare covers as part of IPPE or with physician referral. One-time benefit — high-value to capture before the window closes.
Preventive Lab Screenings,Tuberculosis Screening,"86480, 86481, 86580 (Private); varies (Medicare)",Medicare / Private,"Adults at increased risk (USPSTF B recommendation): recent immigrants, homeless, incarcerated, healthcare workers, immunocompromised",Flag patients with TB risk factors in social history without recent TB screening,$15,Per risk assessment,Yes,33 (private),TST (86580) or IGRA (86480/86481); document risk factors for screening indication,QuantiFERON (IGRA) is increasingly preferred over TST. Document the specific risk factor triggering the screen.
Immunizations,,,,,,,,,,,
Immunizations,Influenza Vaccine,90654-90689 (vaccine) + 90471/90472 or G0008 (admin),Medicare / Private,All patients ≥6 months annually; Medicare: all beneficiaries,Flag patients without flu vaccine documented in current season (Sept-March); prompt at every visit during flu season,$30,Annual (seasonal),Yes,,"Vaccine product code + administration code; document lot number, site, route, VIS date; Medicare uses G0008 for admin",Vaccine cost + administration fee. High-dose (90662) or adjuvanted (90653) for ≥65. Revenue from both vaccine purchase margin and admin fee.
Immunizations,"Pneumococcal Vaccine (PCV20, PPSV23)","90670, 90732 (vaccine) + 90471/90472 or G0009 (admin)",Medicare / Private,Adults ≥65; adults 19-64 with risk conditions; Medicare: all beneficiaries,"Flag adults ≥65 without PCV20 on record; flag younger adults with immunocompromising conditions, cochlear implants, CSF leaks, chronic conditions",$50,Per ACIP schedule,Yes,,PCV20 preferred as single dose for most adults ≥65; document prior pneumococcal vaccination history; Medicare uses G0009 admin code,ACIP 2023 simplified recommendations: PCV20 alone for most adults ≥65. Check prior PCV13/PPSV23 history for dosing decisions.
Immunizations,Shingles Vaccine (Shingrix),90750 (vaccine) + 90471 (admin),Medicare Part D / Private,Adults ≥50 (2-dose series); immunocompromised adults ≥19,Flag adults ≥50 without Shingrix series completion; track dose 1 vs dose 2 status,$200,2-dose series,Varies (Part D — may have copay),,"Recombinant zoster vaccine; 2 doses, 2-6 months apart; document lot, site, route, VIS; Part D coverage (not Part B)",Part D benefit — patient may have copay depending on plan. Office still collects admin fee and often vaccine margin. Track series completion.
Immunizations,Tdap / Td Vaccine,"90714, 90715 (vaccine) + 90471 (admin)",Private / Medicare,"All adults (Tdap once, then Td/Tdap q10y); pregnant women (Tdap each pregnancy at 27-36 weeks)",Flag adults without Tdap on record; flag adults with last tetanus >10 years ago; flag pregnant patients at 27-36 weeks,$35,Every 10 years (or per pregnancy),Yes,33,"Document vaccine product, lot, site, route, VIS date; for pregnant patients document gestational age",Frequently missed in adult patients. Pregnancy dosing is a separate billable event each pregnancy.
Immunizations,HPV Vaccine (Gardasil 9),90651 (vaccine) + 90471 (admin),Private,Ages 9-26 (routine); 27-45 (shared clinical decision-making),"Flag patients 9-26 without HPV series completion; for 27-45, flag if patient requests or has risk factors",$250,2-3 dose series,Yes (ages 9-26),33,"Document dose number, lot, site, route, VIS; 2 doses if started before 15th birthday, 3 doses if started ≥15",High vaccine cost = high margin opportunity. Ages 27-45 require shared decision-making discussion documentation.
Immunizations,Hepatitis B Vaccine,90739-90747 (vaccine) + 90471 or G0010 (admin),Medicare / Private,Medicare: beneficiaries at intermediate/high risk for HBV; Private: all unvaccinated adults (ACIP universal recommendation 2022),Flag adults without documented HBV vaccination or immunity; prioritize high-risk patients,$60,2-3 dose series,Yes,,"Heplisav-B (90739, 2-dose) or Engerix-B/Recombivax (90746/90740, 3-dose); document series tracking; Medicare uses G0010 admin",ACIP 2022 universal adult HBV vaccination recommendation expanded the eligible population significantly. Heplisav-B (2 doses) simplifies completion.
Immunizations,Hepatitis A Vaccine,90632-90636 (vaccine) + 90471 (admin),Private,All children 12-23 months; adults at risk or requesting vaccination,"Flag unvaccinated adults with travel to endemic areas, chronic liver disease, MSM, IVDU, homelessness",$40,2-dose series,Yes (children routine),33,"Document lot, site, route, VIS; 2-dose series 6-12 months apart",ACIP recommends for all children and adults at increased risk. Twinrix (90636) combines Hep A + Hep B.
Immunizations,COVID-19 Vaccine,Per current CPT/HCPCS (updates frequently),Medicare / Private,Per current CDC/ACIP recommendations,Flag patients without current COVID-19 vaccination per latest ACIP schedule,$40,Per ACIP schedule,Yes,,Document per current ACIP guidelines; codes update frequently — check CMS transmittals,Codes and coverage change frequently. NP Companion should pull from CDC immunization schedule API for current recommendations.
Immunizations,RSV Vaccine (Abrysvo/Arexvy),Per current CPT,Medicare Part D / Private,Adults ≥60 (shared clinical decision); pregnant women 32-36 weeks (seasonal),Flag adults ≥60 without RSV vaccination; flag pregnant patients at 32-36 weeks during RSV season,$200,Single dose (adults); per pregnancy (seasonal),Varies,,Document shared clinical decision-making for adults ≥60; for pregnant patients document gestational age and RSV season timing,Newer vaccine — verify current ACIP recommendations and payer coverage. Part D for Medicare.
Immunizations,"Meningococcal Vaccine (MenACWY, MenB)","90620, 90621, 90733, 90734 + 90471",Private,"Adolescents 11-12 (MenACWY, booster 16); 16-23 (MenB shared decision); adults at increased risk",Flag adolescents 11-12 without MenACWY; flag 16-year-olds for booster; flag college-bound patients,$75,Per ACIP schedule,Yes (routine adolescent),33,"MenACWY: 2 doses (11-12 + 16); MenB: 2-3 dose series for at-risk; document lot, site, route, VIS",Often missed at the 16-year-old booster dose. College entry requirements drive catch-up vaccination.
Counseling & Education,,,,,,,,,,,
Counseling & Education,Obesity Screening & Counseling (Adults),"97802, 97803, 97804",Medicare / Private,Adults with BMI ≥30; Medicare: IBT for Obesity (G0447); Private: USPSTF recommendation,Flag adults with BMI ≥30 on most recent vitals; prompt for behavioral counseling documentation; track counseling sessions,$30,Multiple sessions per year,Yes,33 (private),"Medicare IBT: G0447 (15 min face-to-face, up to 22 sessions in 12 months); Private: 97802-97804 with modifier 33; document BMI, counseling content, behavioral goals","Medicare IBT (G0447): 6 sessions monthly, then 6 every 2 weeks, then monthly for 6 months IF ≥3kg weight loss at 6 months. Very specific schedule."
Counseling & Education,Obesity Screening & Counseling (Pediatric),"97802, 97803, 97804",Private,Children and adolescents ≥6 years with obesity (USPSTF),Flag pediatric patients ≥6 with BMI ≥95th percentile; prompt for intensive behavioral intervention referral or in-office counseling,$30,Multiple sessions,Yes (with modifier 33),33,"USPSTF recommends ≥26 contact hours for intensive behavioral interventions; document BMI percentile, counseling provided, goals set","USPSTF recommends referral to comprehensive, intensive behavioral interventions. In-office counseling is billable."
Counseling & Education,Medical Nutrition Therapy (MNT),"97802, 97803, 97804 (CPT); G0270, G0271 (HCPCS)",Medicare,"Medicare beneficiaries with diabetes, renal disease, or post-kidney transplant (within 36 months); requires physician referral to RD/nutrition professional",Flag Medicare patients with diabetes (E11.x) or CKD (N18.x) without MNT referral; flag post-transplant patients,$50,"3 hours initial year, 2 hours subsequent years",Yes (copay + deductible waived),,"Physician referral required; services by registered dietitian or nutrition professional; 97802 (initial 15 min), 97803 (re-assessment 15 min), 97804 (group); Medicare: G0270/G0271","Office captures the referral and any associated E/M. If the practice employs an RD, direct MNT billing. Otherwise, referral revenue."
Counseling & Education,Diabetes Self-Management Training (DSMT),"G0108, G0109",Medicare,Medicare beneficiaries with diabetes diagnosis + physician/NP order for DSMT,Flag Medicare diabetic patients without DSMT in past 12 months; generate DSMT referral/order prompt,$0,Initial 10 hours + 2 hours/year follow-up,No (copay and deductible apply),,"Physician/NP order required; document diabetes diagnosis and DSMT order; G0108 (individual), G0109 (group, per patient)","Not zero cost-share, but generates revenue if practice has certified diabetes educator (CDE/CDCES) or DSMT program."
Counseling & Education,Intensive Behavioral Therapy for CVD,G0446,Medicare,All Medicare beneficiaries who are competent and alert; provided by PCP in primary care setting,"Flag Medicare patients with CVD risk factors (HTN, hyperlipidemia, obesity, diabetes, smoking); annual counseling prompt",$25,Annual,Yes (copay + deductible waived),,"One face-to-face visit per year; encourage aspirin use (if appropriate), screen for HTN, intensive behavioral counseling for diet/exercise; document counseling time and content",Often overlooked. Can be billed alongside AWV. Document the specific CVD counseling separately from other visit components.
Counseling & Education,Tobacco Cessation Counseling (Medicare-specific),"G0436, G0437 (older); 99406, 99407",Medicare,All Medicare beneficiaries who use tobacco,Flag Medicare patients with tobacco use in social history; prompt cessation counseling documentation,$18,Up to 8 sessions per 12 months,Yes (copay + deductible waived),,"99406 (3-10 min), 99407 (>10 min); 2 quit attempts, 4 sessions each; document tobacco type, counseling time, intervention, plan",Zero cost-share for Medicare. Can be billed at every visit where counseling is provided. Combine with NRT prescriptions.
Counseling & Education,Contraception Counseling,Part of preventive visit (99381-99397),Private,All adolescent and adult women with reproductive capacity,Flag female patients of reproductive age without documented contraception counseling in past year,$0,Annual,Yes (with modifier 33),33,"Women's Preventive Services Initiative recommendation; document contraceptive counseling, method discussion, patient preference; typically part of well-woman visit",Part of the well-woman visit bundle. Ensure documentation specifically addresses contraception to support coding.
Counseling & Education,Breastfeeding Support & Counseling,99401-99404,Private,Pregnant and nursing women,Flag pregnant and postpartum patients; prompt for breastfeeding counseling documentation,$0,As needed during pregnancy and postpartum,Yes (with modifier 33),33,"USPSTF/WPSI recommendation; counseling by trained provider; document counseling content, patient questions, referrals to lactation consultants","Part of ACA preventive benefit. If practice has lactation consultant, direct billing opportunity."
Counseling & Education,Skin Cancer Behavioral Counseling,Part of preventive visit (99383-99397),Private,Fair-skinned persons aged 6 months to 24 years (USPSTF B recommendation),Flag pediatric/young adult patients with fair skin at preventive visits,$0,Per preventive visit,Yes (with modifier 33),33,Counsel on minimizing UV radiation exposure; document counseling provided,Can be documented as part of anticipatory guidance during well-child/well-adult visits. Supports preventive coding compliance.
Counseling & Education,Falls Prevention Counseling (Older Adults),"97110, 97112, 97116, 97530",Private,Community-dwelling adults ≥65 at increased risk for falls (USPSTF B recommendation),"Flag patients ≥65 with fall risk factors (balance issues, polypharmacy, prior falls, vitamin D deficiency)",$35,As needed,Yes (with modifier 33),33,Exercise interventions to prevent falls; PT referral; vitamin D supplementation; document fall risk assessment and intervention plan,"If practice provides PT services, direct billing. Otherwise, referral + documentation of fall risk assessment at the visit."
Care Management Services,,,,,,,,,,,
Care Management Services,Remote Patient Monitoring (RPM),"99453, 99454, 99457, 99458",Medicare / Private,"Medicare patients with acute or chronic conditions requiring remote monitoring (e.g., HTN, CHF, DM, COPD)","Flag patients with HTN, CHF, DM, or COPD who could benefit from home BP monitors, glucose monitors, or weight scales with cellular connectivity",$55,Monthly,Standard cost-sharing,,"99453 (setup, once), 99454 (device supply/data transmission, monthly), 99457 (first 20 min clinical staff time/month reviewing data), 99458 (each additional 20 min); device must transmit data ≥16 days/month",Requires RPM device infrastructure. High ongoing revenue for practices with BP or glucose monitoring programs. 16-day transmission minimum is key compliance requirement.
Care Management Services,Remote Therapeutic Monitoring (RTM),"98975, 98976, 98977, 98980, 98981",Medicare,Medicare patients requiring monitoring of respiratory system or musculoskeletal therapy adherence,"Flag patients with respiratory or MSK conditions using monitoring devices (e.g., smart inhalers, PT exercise tracking)",$50,Monthly,Standard cost-sharing,,"98975 (setup, once), 98976/98977 (device supply, monthly), 98980 (first 20 min treatment management), 98981 (each additional 20 min); ≥16 days data/month",Similar to RPM but for therapeutic monitoring. Can be billed by non-physician providers. Newer codes — verify payer acceptance.
Care Management Services,Annual Depression Screening (Medicare standalone),G0444,Medicare,"All Medicare beneficiaries, annually",Flag all Medicare patients without G0444 in past 12 months; prompt at AWV or any qualifying visit,$18,Annual,Yes (copay + deductible waived),,"PHQ-2 or PHQ-9; document screening tool used, score, and follow-up plan; must have follow-up plan if positive",Standalone Medicare code separate from 96127. Can be billed during AWV. Zero cost-share.
Care Management Services,Glaucoma Screening (Medicare),"G0117, G0118",Medicare,"Medicare beneficiaries at high risk: diabetes, family history of glaucoma, African-Americans ≥50, Hispanic-Americans ≥65","Flag Medicare patients with diabetes, family history of glaucoma, or demographic risk factors; no glaucoma screening in past 12 months",$35,Annual,No (copay and deductible apply),,G0117 (by optometrist/ophthalmologist — referral); G0118 (by physician under direct supervision); dilated eye exam with intraocular pressure measurement,Generates referral to ophthalmology. Office captures the screening order and any associated E/M. Not zero cost-share.
Care Management Services,Screening Pelvic Examination,G0101,Medicare,All female Medicare beneficiaries,Flag female Medicare patients without pelvic exam in past 12 months (or 24 months for low-risk),$30,Annual or biennial,Yes (copay + deductible waived),,Clinical breast exam + pelvic exam; separate from E/M; document breast and pelvic exam findings,Separately billable from E/M when performed during a preventive visit. Often bundled incorrectly.
Care Management Services,Medicare Diabetes Prevention Program (MDPP),G9873-G9891,Medicare,"Medicare Part B beneficiaries with BMI ≥25 (or ≥23 if Asian), pre-diabetes lab values, no prior diabetes diagnosis or ESRD","Flag Medicare patients with pre-diabetes (A1C 5.7-6.4%, FPG 110-125, 2hr GTT 140-199) and BMI ≥25; no diabetes diagnosis",$180,Year-long program (performance-based),Yes (copay + deductible waived),,"CDC-recognized DPP supplier required; multiple session codes based on attendance and weight loss milestones; G9873 (core sessions), G9874-G9891 (various milestone codes)",Performance-based payment — higher reimbursement if patient achieves weight loss targets. Practice must be CDC-recognized DPP supplier or partner with one.
In-Office Procedures,,,,,,,,,,,
In-Office Procedures,EKG/ECG (12-lead),"93000 (global), 93005 (tracing only), 93010 (interpretation only)",Medicare / Private,Part of IPPE (Medicare); patients with cardiac symptoms or risk factors,"Flag patients at IPPE visits; flag patients with new cardiac symptoms, pre-operative evaluation, or medication monitoring (e.g., QTc-prolonging drugs)",$25,As indicated,Yes (when part of IPPE),,"93000 = tracing + interpretation; if only interpreting external tracing, use 93010; document indication, findings, and clinical interpretation",Part of the IPPE benefit for new Medicare patients. Can be billed with modifier 25 + separate E/M if distinct problem is addressed.
In-Office Procedures,Spirometry,"94010 (pre-bronchodilator), 94060 (pre+post)",Medicare / Private,"Patients with respiratory symptoms (cough, dyspnea, wheezing); COPD monitoring; asthma management",Flag patients with COPD or asthma diagnoses without spirometry in past 12 months; flag new respiratory symptom presentations,$35,Annual for COPD/asthma; as indicated for new symptoms,Standard cost-sharing,,"Document indication, pre- and post-bronchodilator values (FEV1, FVC, FEV1/FVC ratio), interpretation; calibration compliance",In-office spirometry equipment required. High-value for practices with significant COPD/asthma population.
In-Office Procedures,Point-of-Care Testing (CLIA-waived),"Various (87880, 87804, 81002, 81025, 82962, 82270, 83655, 85013, 85018, etc.)",Medicare / Private,Patients requiring rapid diagnostic testing at the visit,"Flag visit types where POCT is commonly indicated: URI (strep), UTI, pregnancy, glucose monitoring, influenza, COVID",$12,Per test performed,Standard cost-sharing,,"CLIA Certificate of Waiver required; document test performed, result, clinical decision based on result; common POCT: rapid strep (87880), rapid flu (87804), UA (81002/81003), urine pregnancy (81025), fingerstick glucose (82962)","Requires CLIA waiver. Low cost per test, high volume. Ensure each POCT is documented with indication and result."
In-Office Procedures,Venipuncture / Blood Draw,"36415, 36416",Medicare / Private,Patients requiring blood draw for lab orders,Auto-include when office lab orders are placed and drawn in-office,$3,Per draw,Standard cost-sharing,,"36415 (venipuncture), 36416 (capillary blood collection); document who drew, technique, site",Small per-event revenue but very high volume. Ensure billing captures every in-office draw. Often missed when labs are ordered but draw is not separately billed.
In-Office Procedures,Injection Administration,"96372 (therapeutic/prophylactic), 90471/90472 (immunization)",Medicare / Private,"Patients receiving injections: vaccines, B12, Depo-Provera, steroid injections, etc.",Flag all injection encounters; auto-suggest admin code alongside drug/vaccine code,$25,Per injection,Standard cost-sharing,,"96372 for therapeutic/prophylactic (e.g., B12, Depo, steroid, toradol); 90471 for first vaccine admin, 90472 for each additional; document drug, dose, route, site",Administration code is separate from the drug/vaccine product code. Both must be billed. Common miss: billing the drug but not the admin code.
In-Office Procedures,Nebulizer Treatment,94640,Medicare / Private,"Patients with acute bronchospasm, asthma exacerbation, COPD exacerbation",Flag patients receiving in-office nebulizer treatments; prompt for 94640 billing,$20,Per treatment,Standard cost-sharing,,"Document indication, medication used, pre/post assessment, patient response",Separate from the E/M. Can be billed alongside the office visit with modifier 25 on the E/M if a separately identifiable problem is addressed.
In-Office Procedures,Pulse Oximetry,"94760, 94761",Medicare / Private,"Patients with respiratory complaints, monitoring during procedures",Flag when pulse ox is performed during acute respiratory visits,$8,Per encounter,Standard cost-sharing,,"94760 (single determination), 94761 (multiple determinations/continuous); document indication and results",Often documented but not billed separately. Check if payer bundles with E/M.
Chronic Disease Monitoring,,,,,,,,,,,
Chronic Disease Monitoring,HbA1c (Diabetes Management),83036,Medicare / Private,Patients with diabetes or pre-diabetes,Flag diabetic patients without A1C in past 3-6 months; flag pre-diabetic patients without A1C in past 12 months,$15,Every 3-6 months (diabetes) or annually (pre-diabetes),Standard cost-sharing (except preventive screening),,"Document diagnosis, current A1C, target A1C, management plan adjustments based on result",Preventive screening (no diabetes diagnosis) may be zero cost-share with modifier 33. Monitoring for known diabetes is standard cost-sharing.
Chronic Disease Monitoring,Lipid Panel (Statin Monitoring),80061,Medicare / Private,Patients on statin therapy or with hyperlipidemia,Flag patients on statins without lipid panel in past 12 months; flag hyperlipidemia patients per monitoring schedule,$25,Annual or per management protocol,Standard cost-sharing (monitoring) / Yes (preventive screening),,"Total cholesterol, LDL, HDL, triglycerides; document current therapy, response to treatment, plan adjustments",Preventive screening is zero cost-share. Monitoring for known hyperlipidemia is standard cost-sharing. Code the diagnosis correctly.
Chronic Disease Monitoring,Thyroid Function (TSH),84443,Medicare / Private,Patients on thyroid replacement therapy; patients with thyroid disorders,Flag patients on levothyroxine without TSH in past 6-12 months; flag patients with thyroid disorder diagnosis,$18,Every 6-12 months,Standard cost-sharing,,"Document current thyroid medication and dose, TSH result, dose adjustment if needed",Very common in family practice. Ensure monitoring labs are ordered and billed at appropriate intervals.
Chronic Disease Monitoring,Renal Function Panel / BMP / CMP,"80048, 80053",Medicare / Private,"Patients on metformin, ACE/ARB, diuretics, lithium, or other nephrotoxic medications; CKD patients",Flag patients on medications requiring renal monitoring without BMP/CMP in past 6-12 months,$15,Every 6-12 months,Standard cost-sharing,,Document medication monitoring indication; BMP (80048) or CMP (80053); review and document interpretation,Medication safety monitoring justifies the lab. Document the specific medication requiring monitoring.
Chronic Disease Monitoring,CBC (Complete Blood Count),"85025, 85027",Medicare / Private,"Patients on medications requiring hematologic monitoring (methotrexate, carbamazepine, clozapine, etc.); anemia follow-up",Flag patients on medications requiring CBC monitoring without recent CBC per drug-specific monitoring schedule,$12,Per drug monitoring schedule,Standard cost-sharing,,"Document medication monitoring indication; review differential, hemoglobin, platelet count; document interpretation and plan","Drug monitoring schedule varies: methotrexate (q1-3 months), clozapine (weekly to monthly per registry), etc."
Chronic Disease Monitoring,INR (Warfarin Monitoring),85610,Medicare / Private,Patients on warfarin,Flag patients on warfarin without INR in appropriate interval (weekly to monthly depending on stability),$10,Weekly to monthly,Standard cost-sharing,,"Document current warfarin dose, INR result, target range, dose adjustment; for POCT INR (93792, 93793) if using in-office device","If office has POCT INR device, captures both lab and management codes. High-frequency billing for warfarin patients."
Chronic Disease Monitoring,Hepatic Function Panel,80076,Medicare / Private,"Patients on hepatotoxic medications (statins, methotrexate, anti-epileptics, etc.); liver disease monitoring",Flag patients on hepatotoxic medications without LFTs per monitoring schedule; flag chronic liver disease patients,$18,Per drug monitoring schedule,Standard cost-sharing,,"AST, ALT, alkaline phosphatase, total bilirubin, albumin; document medication monitoring indication and interpretation","Statin monitoring guidelines have relaxed (no longer routine monitoring for all), but still indicated with symptoms or risk factors."
Chronic Disease Monitoring,Urine Albumin/Creatinine Ratio (UACR),"82043, 82570",Medicare / Private,Diabetic patients; CKD patients; hypertensive patients with kidney risk,Flag diabetic patients without UACR in past 12 months; flag CKD patients per staging/monitoring schedule,$12,Annual for diabetes; per CKD staging,Standard cost-sharing,,Urine albumin (82043) + urine creatinine (82570) for ratio; document diabetic nephropathy screening or CKD monitoring indication,ADA recommends annual UACR screening for all diabetic patients. Commonly missed quality metric.
Chronic Disease Monitoring,Vitamin D Level,82306,Medicare / Private,"Patients with osteoporosis, CKD, malabsorption, on vitamin D supplementation; patients at risk for deficiency",Flag patients on vitamin D supplementation without level check; flag osteoporosis/CKD patients; flag patients with falls risk,$40,Annual or per treatment protocol,Standard cost-sharing,,Document indication for testing (not a routine screen per USPSTF); 25-hydroxyvitamin D preferred test,Not a USPSTF-recommended universal screen. Must have clinical indication. Payers may deny without proper diagnosis code.
Telehealth & Communication,,,,,,,,,,,
Telehealth & Communication,Telephone E/M (Established Patient),"99441, 99442, 99443",Medicare / Private,Established patients requiring medical discussion by telephone when visit is not appropriate,Flag phone encounters with clinical decision-making that exceed 5 minutes; prompt for time-based telephone E/M code,$45,Per qualifying phone encounter,Standard cost-sharing,,"99441 (5-10 min), 99442 (11-20 min), 99443 (21-30 min); document time spent, clinical issues discussed, medical decision-making, plan; cannot bill if call results in decision for in-person visit within 24 hours",Often overlooked revenue source. Must be initiated by the patient or guardian. Cannot be billed within 7 days of a related E/M or within 24 hours before a related E/M.
Telehealth & Communication,Online Digital E/M (Patient Portal),"99421, 99422, 99423",Medicare / Private,Established patients communicating through patient portal/secure messaging requiring clinical time,Flag portal messages requiring >5 min cumulative clinical time over 7-day period; prompt for digital E/M billing,$40,Per qualifying 7-day period,Standard cost-sharing,,"99421 (5-10 min over 7 days), 99422 (11-20 min), 99423 (21+ min); cumulative time responding to patient-initiated portal communication over 7 days; document time log",Patient must initiate the communication. Time is cumulative over 7 calendar days. Cannot bill if communication results in a visit within 24 hours.
Telehealth & Communication,Interprofessional Consultation,"99446, 99447, 99448, 99449, 99451, 99452",Medicare / Private,When PCP consults with a specialist by phone/electronic on behalf of a patient,Flag when provider documents specialist consultation discussion; prompt for interprofessional consult code,$40,Per consultation episode,Standard cost-sharing,,"99446-99449 (specialist codes, time-based); 99452 (referring provider, 16-30 min preparation + communication); document reason for consult, specialist communicated with, time spent, outcome",99452 is for the referring PCP who spends ≥16 min preparing and communicating the consultation. Often missed in primary care.
SDOH & Risk Assessment,,,,,,,,,,,
SDOH & Risk Assessment,SDOH Screening / Assessment,"96160, 96161",Medicare / Private,All patients (increasingly recommended); special focus on chronic disease patients,Flag patients without SDOH screening on file; prompt at new patient visits and annually at preventive visits,$8,Annual or as indicated,Varies by payer,,"96160 = patient-focused assessment (e.g., PRAPARE tool); 96161 = caregiver-focused assessment; document tool used, results, interventions/referrals made","Increasingly required for quality measures. Supports Z-code documentation (Z59.x food insecurity, Z59.0 homelessness, etc.) which can support complexity in E/M coding."
SDOH & Risk Assessment,Intimate Partner Violence Screening,"Part of preventive visit (99381-99397, 99401-99404)",Private,Women of reproductive age (USPSTF B recommendation),"Flag female patients of reproductive age at preventive visits; prompt for IPV screening tool (HITS, HARK, STaT)",$0,Annual,Yes (with modifier 33),33,"Validated screening tool; document screening performed, result, referral to support services if positive",Part of ACA preventive benefit. Documentation supports well-woman visit coding. Refer positive screens to local DV resources.
SDOH & Risk Assessment,Health Risk Assessment (HRA),Part of AWV (G0438/G0439),Medicare,All Medicare AWV patients (required component),Auto-include in all AWV encounters; verify HRA is completed prior to or during visit,$0,Annual (with AWV),Yes (bundled),,"Self-reported or provider-administered HRA collecting data on health status, injury risk, modifiable risk factors, urgent health needs; document completion",Required component of AWV — not separately billable but MUST be documented for AWV to be compliant. Pre-visit HRA completion saves time.
Pediatric Add-Ons,,,,,,,,,,,
Pediatric Add-Ons,Well-Child Visit (Bright Futures),"99381-99384 (new), 99391-99394 (est)",Private / Medicaid,"All children per Bright Futures/AAP schedule: newborn, 3-5 days, 1/2/4/6/9/12/15/18/24/30 months, then annually 3-21 years",Flag pediatric patients overdue for well-child visit per Bright Futures schedule; age-based code selection,$150,Per Bright Futures schedule,Yes (with modifier 33),33,"Age-appropriate history, physical exam, developmental surveillance, anticipatory guidance, immunizations, screening labs/instruments per Bright Futures periodicity schedule","Bright Futures periodicity schedule defines the complete package. Each visit is an opportunity for multiple billable add-ons (vaccines, screenings, labs)."
Pediatric Add-Ons,Lead Screening,83655 + 36415/36416,Private / Medicaid,Children at risk: 12 months and 24 months per Bright Futures; Medicaid-enrolled children per state requirements,Flag children at 12 and 24 month well visits without lead screening; flag Medicaid children per state mandate,$10,At 12 and 24 months (or per state mandate),Yes (with modifier 33),33,Blood lead level (83655); capillary vs venous; document risk assessment; Medicaid typically mandates screening regardless of risk,Medicaid often mandates universal lead screening. Private payers cover per risk assessment with modifier 33.
Pediatric Add-Ons,Anemia Screening (Hgb/Hct),"85014, 85018 + 36415/36416",Private / Medicaid,Infants at 12 months per Bright Futures; additional screenings for at-risk children,Flag infants at 12-month well visit without hemoglobin/hematocrit; flag children with anemia risk factors,$8,At 12 months + per risk assessment,Yes (with modifier 33),33,Hemoglobin (85018) or hematocrit (85014); document screening indication per Bright Futures,Part of the 12-month well-child visit bundle. Low cost to perform with capillary sample.
Pediatric Add-Ons,Dyslipidemia Screening,"80061, 82465, 83718-83722, 84478 + 36415/36416",Private,Children once between 9-11 years and once between 17-21 years per Bright Futures; earlier if family history of CVD,Flag children 9-11 without lipid screening; flag adolescents 17-21 without lipid screening; flag children with family history of early CVD,$25,"Once per age window (9-11, 17-21)",Yes (with modifier 33),33,Non-fasting lipid panel acceptable for screening; document family history of early CVD if present,Two screening windows per Bright Futures. Often missed at the 17-21 year window as patients age out of pediatric visits.
Pediatric Add-Ons,Fluoride Varnish Application,99188,Private / Medicaid,All children from primary tooth eruption through age 5 per USPSTF; some states cover through age 6,Flag children with teeth present through age 5 at well visits without fluoride varnish,$25,Per well visit (2-4x/year),Yes (with modifier 33),33,"99188 (application of fluoride varnish by physician/non-dental provider); document teeth present, varnish applied, parental education on oral hygiene",Primary care providers CAN bill this — it's not just for dentists. USPSTF A recommendation. Multiple applications per year. Very easy to perform.
Pediatric Add-Ons,Oral Fluoride Supplementation,Typically pharmacy benefit,Private,Children ≥6 months whose water supply is fluoride-deficient (USPSTF B recommendation),Flag children ≥6 months with water source assessment indicating fluoride deficiency,$0,Ongoing prescription,Yes,,Assess water fluoride level; prescribe oral fluoride supplementation if deficient; document water source assessment,Revenue from the prescribing visit and ongoing medication management. Document water fluoride assessment.
Pediatric Add-Ons,Vision Screening,"99173, 99174, 99177",Private,All children 3-5 years at least once per USPSTF; Bright Futures recommends at multiple ages,Flag children 3-5 without vision screening; flag per Bright Futures periodicity schedule,$10,Per Bright Futures schedule,Yes (with modifier 33),33,"99173 (visual acuity screening), 99174/99177 (instrument-based screening, e.g., photoscreening); document screening method and results","Photoscreening devices (e.g., Spot Vision) can be used in younger children. Separately billable from the well-child visit."
Pediatric Add-Ons,Hearing Screening,"92551, 92552, 92567",Private,"Newborns; children at ages per Bright Futures: 4, 5, 6, 8, 10 years; once between 11-14, 15-17, 18-21",Flag children at Bright Futures hearing screening ages without documented screening,$15,Per Bright Futures schedule,Yes (with modifier 33),33,"92551 (pure tone screening), 92552 (audiometry), 92567 (tympanometry); document screening method and results","If office has audiometer/tympanometer, direct billing. Otherwise, referral to audiology."
Often Overlooked,,,,,,,,,,,
Often Overlooked,Modifier 25 (Separate E/M + Procedure),Modifier 25 on E/M code,Medicare / Private,Any visit where a separately identifiable E/M service is provided on the same day as a procedure or preventive service,Flag visits where both an E/M problem is addressed AND a procedure/preventive service is performed; prompt for modifier 25 documentation,$0,Per qualifying visit,Standard cost-sharing on E/M portion,25,"Document the separate and distinct reason for the E/M beyond the procedure; separate HPI, exam, and MDM for the distinct problem","Most common modifier in primary care. Allows billing E/M + AWV, E/M + procedure, etc. on the same day. Must document a separately identifiable E/M service."
Often Overlooked,After-Hours / Weekend / Holiday Premium,"99050, 99051, 99053, 99056, 99060",Medicare / Private,"Patients seen during extended hours, weekends, or holidays",Flag encounters occurring outside regular office hours; prompt for appropriate after-hours code,$30,Per qualifying encounter,Standard cost-sharing,,"99050 (after-hours, same provider, no emergency), 99051 (evening/weekend), 99053 (between 10pm-8am); document time of service","Revenue that many practices leave on the table. If the practice offers Saturday or evening hours, these are billable add-ons to the E/M."
Often Overlooked,Care Plan Oversight,"99339, 99340",Medicare,"Medicare patients in home health, hospice, or under home care plan; requires 15+ min/month of physician/NP oversight",Flag patients receiving home health services or in hospice with ongoing care coordination by the practice,$75,Monthly,Standard cost-sharing,,"99339 (15-29 min/month), 99340 (30+ min/month); document time spent reviewing reports, communicating with home health, updating care plans",Cannot bill same month as CCM for same patient. Different from TCM. For patients with active home health orders.
Often Overlooked,Chronic Pain Management (non-procedure),99490 (via CCM) or separate E/M,Medicare / Private,Patients with chronic pain requiring ongoing management,"Flag patients with chronic pain diagnoses and opioid prescriptions; prompt for PDMP check documentation, pain agreement review, and appropriate E/M level",$0,Per visit,Standard cost-sharing,,"Document pain assessment (location, severity, function), PDMP check, treatment plan, risk assessment, informed consent for controlled substances","Not a separate billing code per se, but proper documentation supports higher-level E/M coding and CCM eligibility. Also supports quality measure compliance."
Often Overlooked,PrEP (Pre-Exposure Prophylaxis) Management,E/M + lab monitoring codes,Medicare / Private,HIV-negative patients at high risk for HIV through sex or injection drug use (USPSTF A recommendation),Flag patients with documented HIV risk factors; flag patients on PrEP medications for monitoring compliance,$0,Quarterly (monitoring visits),Yes (screening labs with modifier 33),33 (on labs),"Initial risk assessment, HIV test, renal function, pregnancy test, STI screening; quarterly follow-up: HIV test, adherence, renal function, pregnancy test, STI screening",The screening and monitoring labs are zero cost-share under ACA preventive benefit. The E/M visits generate ongoing revenue. Growing patient population.
Often Overlooked,Preeclampsia Prevention (Low-dose Aspirin),Typically pharmacy benefit,Private,Pregnant women at high risk for preeclampsia (USPSTF B recommendation),"Flag pregnant patients with preeclampsia risk factors (history of preeclampsia, multifetal gestation, chronic HTN, diabetes, renal disease, autoimmune disease, nulliparity, age ≥35, BMI ≥30)",$0,Per pregnancy,Yes,,Low-dose aspirin (81mg/day) after 12 weeks gestation; document risk factor assessment and aspirin recommendation,"No direct billing code, but documentation supports OB management coding and risk assessment. ACA preventive benefit covers the aspirin."
Often Overlooked,Folic Acid Supplementation Counseling,Typically pharmacy benefit,Private,All women of reproductive age who are planning or capable of pregnancy (USPSTF A recommendation),Flag female patients of reproductive age; prompt for folic acid counseling documentation,$0,Ongoing,Yes,,Counsel on 0.4-0.8mg daily folic acid supplementation; document counseling and recommendation,Supports preventive visit documentation and quality measure compliance. ACA covers the supplement.
Often Overlooked,Statin Preventive Medication Counseling,Typically pharmacy benefit,Private,Adults 40-75 with ≥1 CVD risk factor and ≥10% 10-year ASCVD risk (USPSTF B recommendation),Flag patients 40-75 with 10-year ASCVD risk ≥10% (calculate from lipid panel + risk factors); not currently on statin,$0,Per assessment,Yes (statin itself),,Calculate 10-year ASCVD risk; document risk discussion and shared decision-making; prescribe moderate-dose statin if appropriate,The statin medication is zero cost-share under ACA preventive benefit when prescribed per USPSTF indication. Document the risk calculation.
Often Overlooked,Gestational Diabetes Screening,"82947, 82948, 82950, 82951, 82952",Private,Asymptomatic pregnant women after 24 weeks gestation (USPSTF B recommendation),Flag pregnant patients at 24-28 weeks without glucose challenge test/GTT on file,$20,Per pregnancy (24-28 weeks),Yes (with modifier 33),33,Glucose challenge test or glucose tolerance test; document gestational age and screening indication,Standard of prenatal care but important to code correctly with modifier 33 for zero cost-sharing under ACA preventive benefit.
Often Overlooked,Perinatal Depression Screening & Counseling,96161,Private,Pregnant and postpartum persons at increased risk of perinatal depression (USPSTF B recommendation),Flag pregnant patients and patients within 12 months postpartum for perinatal depression risk assessment and counseling referral,$10,During pregnancy and postpartum,Yes (with modifier 33),33,"Document risk assessment, counseling intervention or referral; 96161 (caregiver/patient-focused health risk assessment)",Newer USPSTF recommendation. Covers counseling interventions to prevent perinatal depression in those at increased risk.
Often Overlooked,Bacteriuria Screening (Pregnant Women),"87081, 87084, 87086, 87088",Private,Pregnant women at 12-16 weeks gestation or first prenatal visit (USPSTF A recommendation),Flag pregnant patients at first prenatal visit or 12-16 weeks without urine culture on file,$20,Per pregnancy,Yes (with modifier 33),33,Urine culture (not just dipstick UA); document gestational age and screening indication,"USPSTF A recommendation. Must be a urine CULTURE, not just UA. Often missed or incorrect test ordered."